country,country_serial,metric,unit,sector,sub_sector,sub_sub_sector,source_link,source,2000,2001,2002,2003,2004,2005,2006,2007,2008,2009,2010,2011,2012,2013,2014,2015,2016,2017,2018,2019,2020,2021,2022,2023,2024
Algeria,DZ,Electricity generated from hydropower (GWh),GWh,Electricity,Supply,Electricity generated from hydropower (GWh),https://africa-energy-portal.org/aep/country/algeria,AFREC Database,54.0,274.700012207031,274.700012207031,274.739990234375,251.100006103516,555.0,218.0,226.0,283.0,342.0,171.0,173.0,125.828643798828,330.0,254.0,145.0,218.0,56.2999992370605,117.0,119.674598693848,122.345169067383,9.30000019073486,,,
Algeria,DZ,"Electricity generation, Total (GWh)",GWh,Electricity,Supply,"Electricity generation, Total (GWh)",https://africa-energy-portal.org/aep/country/algeria,AFREC Database,25412.0,26830.69921875,27865.69921875,29845.740234375,30885.099609375,33915.0,35226.0,37196.0,40036.0,42769.0,42834.0,51312.93359375,56984.609375,60121.0,64527.0,68798.0,70997.0,76017.359375,76663.09375,80234.65625,84104.4765625,85390.3515625,,,
Algeria,DZ,"Electricity installed capacity, Total (MW)",MW,Electricity,Technical,"Electricity installed capacity, Total (MW)",https://africa-energy-portal.org/aep/country/algeria,IRENA database,6122.81005859375,6119.2998046875,6610.41015625,6741.83984375,7033.83984375,7852.6201171875,8266.8603515625,8879.0595703125,8970.9296875,11793.259765625,12003.6943359375,12109.6640625,13570.48046875,15884.8603515625,16757.4609375,18032.630859375,20073.30078125,20588.19921875,22188.0,24527.599609375,25348.19921875,25724.5,26609.19921875,,
Angola,AO,Electricity generated from hydropower (GWh),GWh,Electricity,Supply,Electricity generated from hydropower (GWh),https://africa-energy-portal.org/aep/country/angola,AFREC Database,912.0,1017.0,1143.0,1241.0,1491.0,1747.0,2665.0,2497.0,3134.0,3173.0,3703.0,4007.0,4287.490234375,4587.6142578125,5041.0,5192.0,5815.0,7653.07666015625,10374.3203125,10754.787109375,11187.3193359375,11675.419921875,,,
Angola,AO,"Electricity generation, Total (GWh)",GWh,Electricity,Supply,"Electricity generation, Total (GWh)",https://africa-energy-portal.org/aep/country/angola,AFREC Database,1445.0,1604.0,1777.0,1995.0,2243.0,2653.0,2959.0,3217.0,3930.0,4172.0,5448.0,5651.0,5997.25048828125,8036.6142578125,9480.0,9764.0,10361.0,10719.83984375,13076.56640625,13506.5966796875,13990.86328125,14532.904296875,,,
Angola,AO,"Electricity installed capacity, Total (MW)",MW,Electricity,Technical,"Electricity installed capacity, Total (MW)",https://africa-energy-portal.org/aep/country/angola,IRENA database,429.778991699219,432.97900390625,432.97900390625,432.97900390625,694.97900390625,694.97900390625,695.994995117188,985.994995117188,1020.09497070313,1020.09497070313,1176.09497070313,1331.39501953125,1704.49499511719,2157.21606445313,2339.01489257813,2397.01489257813,3136.28295898438,4781.55908203125,5449.57177734375,5804.5009765625,6138.5087890625,6138.576171875,6422.59521484375,,
Benin,BJ,Electricity generated from hydropower (GWh),GWh,Electricity,Supply,Electricity generated from hydropower (GWh),https://africa-energy-portal.org/aep/country/benin,AFREC Database,2.0,2.0,2.0,2.0,1.0,1.0,0.0,0.0,0.0,0.0,0.0,0.0,0.0,0.0,0.0,0.0,0.0,0.0,0.0,0.0,0.0,0.0,,,
Benin,BJ,"Electricity generation, Total (GWh)",GWh,Electricity,Supply,"Electricity generation, Total (GWh)",https://africa-energy-portal.org/aep/country/benin,AFREC Database,134.0,129.0,153.0,161.0,179.0,236.0,328.0,409.0,232.0,139.0,151.0,154.0,161.0,173.0,247.0,329.010681152344,341.021423339844,330.658050537109,223.063827514648,227.888595581055,232.83137512207,933.14794921875,,,
Benin,BJ,"Electricity installed capacity, Total (MW)",MW,Electricity,Technical,"Electricity installed capacity, Total (MW)",https://africa-energy-portal.org/aep/country/benin,IRENA database,56.5,60.5,60.5,60.5,60.5,61.5,142.5,169.5,193.5,144.5,98.5,99.5,61.5,140.389999389648,100.699996948242,101.699996948242,203.399993896484,203.399993896484,177.399993896484,304.399993896484,304.440002441406,304.440002441406,329.440002441406,,
Botswana,BW,Electricity generated from hydropower (GWh),GWh,Electricity,Supply,Electricity generated from hydropower (GWh),https://africa-energy-portal.org/aep/country/botswana,AFREC Database,0.0,0.0,0.0,0.0,0.0,0.0,0.0,0.0,0.0,0.0,0.0,0.0,0.0,0.0,0.0,0.0,0.0,0.0,0.0,0.0,0.0,0.0,,,
Botswana,BW,"Electricity generation, Total (GWh)",GWh,Electricity,Supply,"Electricity generation, Total (GWh)",https://africa-energy-portal.org/aep/country/botswana,AFREC Database,947.0,949.0,842.0,1113.0,991.0,971.0,1042.0,659.0,583.0,444.0,430.0,698.522399902344,2257.10180664063,1914.76000976563,2323.0,2968.0,2688.0,2722.46142578125,3057.45654296875,3101.80932617188,3149.36645507813,3662.462890625,,,
Botswana,BW,"Electricity installed capacity, Total (MW)",MW,Electricity,Technical,"Electricity installed capacity, Total (MW)",https://africa-energy-portal.org/aep/country/botswana,IRENA database,157.0,157.0,157.0,157.0,157.0,157.0,157.0,157.0,157.0,227.020004272461,227.139007568359,317.169006347656,318.614990234375,318.714996337891,918.859985351563,919.153015136719,920.280029296875,920.414978027344,920.719970703125,922.919006347656,922.919006347656,923.268981933594,923.268981933594,,
Burkina Faso,BF,Electricity generated from hydropower (GWh),GWh,Electricity,Supply,Electricity generated from hydropower (GWh),https://africa-energy-portal.org/aep/country/burkina-faso,AFREC Database,98.2679977416992,53.181999206543,63.7550010681152,96.0,100.0,99.0,80.0,110.0,135.932312011719,132.297088623047,117.538246154785,81.9494400024414,96.6458740234375,105.542701721191,64.0,93.4619979858398,102.385124206543,124.09455871582,128.929992675781,130.207748413086,131.518417358398,123.631958007813,,,
Burkina Faso,BF,"Electricity generation, Total (GWh)",GWh,Electricity,Supply,"Electricity generation, Total (GWh)",https://africa-energy-portal.org/aep/country/burkina-faso,AFREC Database,406.268005371094,381.182006835938,381.755004882813,445.0,472.0,489.0,547.728942871094,611.295227050781,619.400573730469,699.789611816406,565.370727539063,612.219482421875,478.540740966797,730.772705078125,791.0,1803.50793457031,1903.03723144531,1644.51696777344,1072.45373535156,1136.54431152344,1207.67138671875,1607.53381347656,,,
Burkina Faso,BF,"Electricity installed capacity, Total (MW)",MW,Electricity,Technical,"Electricity installed capacity, Total (MW)",https://africa-energy-portal.org/aep/country/burkina-faso,IRENA database,80.0,80.0,80.0,182.0,213.110000610352,236.110000610352,258.109985351563,255.110000610352,256.109985351563,256.111999511719,242.208999633789,304.266998291016,361.8330078125,251.490997314453,289.973999023438,334.25,331.665008544922,362.911987304688,378.355010986328,430.085998535156,430.575988769531,481.360992431641,511.955993652344,,
Burundi,BI,Electricity generated from hydropower (GWh),GWh,Electricity,Supply,Electricity generated from hydropower (GWh),https://africa-energy-portal.org/aep/country/burundi,AFREC Database,98.0,114.0,126.0,100.0,90.0,95.0,92.0,116.0,111.0,120.0,230.0,150.0,178.703994750977,178.703994750977,179.0,181.360900878906,183.809005737305,185.493453979492,188.099716186523,190.78971862793,193.563766479492,196.42253112793,,,
Burundi,BI,"Electricity generation, Total (GWh)",GWh,Electricity,Supply,"Electricity generation, Total (GWh)",https://africa-energy-portal.org/aep/country/burundi,AFREC Database,100.0,116.0,128.0,102.0,92.0,97.0,94.0,118.0,113.0,122.0,241.0,152.876007080078,183.959991455078,183.959991455078,184.0,186.4853515625,189.064865112305,260.342742919922,262.952758789063,266.43115234375,270.241058349609,274.378509521484,,,
Burundi,BI,"Electricity installed capacity, Total (MW)",MW,Electricity,Technical,"Electricity installed capacity, Total (MW)",https://africa-energy-portal.org/aep/country/burundi,IRENA database,59.7529983520508,59.7529983520508,59.7529983520508,59.7529983520508,59.7529983520508,59.7529983520508,59.7529983520508,59.7529983520508,59.7529983520508,59.7529983520508,59.7529983520508,69.7529983520508,70.1559982299805,75.1559982299805,75.1559982299805,75.4560012817383,76.2559967041016,104.185997009277,104.685997009277,104.685997009277,104.886001586914,111.786003112793,126.685997009277,,
Cameroon,CM,Electricity generated from hydropower (GWh),GWh,Electricity,Supply,Electricity generated from hydropower (GWh),https://africa-energy-portal.org/aep/country/cameroon,AFREC Database,3092.0,2116.0,3334.0,2003.0,3920.0,3913.0,3719.0,3847.0,4232.0,4016.0,4260.0,4217.0,4470.02001953125,4231.0,4562.0,4359.0,4611.0,4787.037109375,4272.37255859375,4438.68359375,4612.68017578125,4795.01904296875,,,
Cameroon,CM,"Electricity generation, Total (GWh)",GWh,Electricity,Supply,"Electricity generation, Total (GWh)",https://africa-energy-portal.org/aep/country/cameroon,AFREC Database,3130.0,2183.0,3453.0,2159.0,4110.0,4145.0,4018.0,5243.0,5681.0,5803.0,5899.0,5813.0,6104.52978515625,5907.791015625,6148.0,8010.7109375,8437.666015625,8662.5361328125,8338.869140625,8568.5439453125,8812.291015625,9067.0537109375,,,
Cameroon,CM,"Electricity installed capacity, Total (MW)",MW,Electricity,Technical,"Electricity installed capacity, Total (MW)",https://africa-energy-portal.org/aep/country/cameroon,IRENA database,790.299987792969,789.299987792969,861.799987792969,861.900024414063,871.900024414063,876.900024414063,901.900024414063,922.0,937.400024414063,1022.79998779297,1008.40002441406,999.200012207031,1099.59997558594,1274.84997558594,1276.84997558594,1332.34997558594,1333.94995117188,1448.84997558594,1451.39904785156,1531.39904785156,1531.52404785156,1532.88403320313,1534.36401367188,,
Cape Verde,CV,Electricity generated from hydropower (GWh),GWh,Electricity,Supply,Electricity generated from hydropower (GWh),https://africa-energy-portal.org/aep/country/cape-verde,AFREC Database,0.0,0.0,0.0,0.0,0.0,0.0,0.0,0.0,0.0,0.0,0.0,0.0,0.0,0.0,0.0,0.0,0.0,0.0,0.0,0.0,0.0,0.0,,,
Cape Verde,CV,"Electricity generation, Total (GWh)",GWh,Electricity,Supply,"Electricity generation, Total (GWh)",https://africa-energy-portal.org/aep/country/cape-verde,AFREC Database,138.0,155.0,171.0,187.0,206.0,222.0,236.0,253.0,270.0,281.0,287.0,287.0,297.399993896484,297.399993896484,349.399993896484,359.671447753906,367.776245117188,490.944488525391,502.616180419922,515.237243652344,528.822143554688,598.882263183594,,,
Cape Verde,CV,"Electricity installed capacity, Total (MW)",MW,Electricity,Technical,"Electricity installed capacity, Total (MW)",https://africa-energy-portal.org/aep/country/cape-verde,IRENA database,76.1100006103516,76.1100006103516,78.2099990844727,78.7900009155273,79.5899963378906,79.4300003051758,70.318000793457,74.1179962158203,88.4860000610352,85.3420028686523,99.620002746582,122.139999389648,155.813995361328,141.134002685547,141.134002685547,178.485992431641,176.59700012207,176.755004882813,178.548004150391,174.47200012207,183.679992675781,185.893997192383,214.841003417969,,
Central African Republic,CF,Electricity generated from hydropower (GWh),GWh,Electricity,Supply,Electricity generated from hydropower (GWh),https://africa-energy-portal.org/aep/country/central-african-republic,AFREC Database,84.0,83.0,83.0,110.0,126.300003051758,134.130004882813,139.0,136.0,136.0,135.0,135.0,139.0,148.729995727539,138.46760559082,138.833999633789,140.5615234375,142.32470703125,144.124160766602,141.855926513672,143.674163818359,145.52685546875,140.081100463867,,,
Central African Republic,CF,"Electricity generation, Total (GWh)",GWh,Electricity,Supply,"Electricity generation, Total (GWh)",https://africa-energy-portal.org/aep/country/central-african-republic,AFREC Database,107.0,107.0,107.0,134.0,151.300003051758,162.130004882813,168.0,169.0,169.0,230.0,219.0,226.0,238.550003051758,212.310607910156,219.154006958008,151.952590942383,154.817184448242,156.888702392578,155.813446044922,157.94450378418,160.134124755859,147.334411621094,,,
Central African Republic,CF,"Electricity installed capacity, Total (MW)",MW,Electricity,Technical,"Electricity installed capacity, Total (MW)",https://africa-energy-portal.org/aep/country/central-african-republic,IRENA database,39.8499984741211,39.8499984741211,39.8499984741211,39.8499984741211,39.8499984741211,37.9500007629395,37.9500007629395,37.9500007629395,37.9500007629395,37.9500007629395,37.9500007629395,38.0499992370605,38.1500015258789,38.1500015258789,41.1500015258789,41.1500015258789,41.1500015258789,41.1500015258789,41.1500015258789,41.1660003662109,41.1660003662109,91.1660003662109,91.1660003662109,,
Chad,TD,Electricity generated from hydropower (GWh),GWh,Electricity,Supply,Electricity generated from hydropower (GWh),https://africa-energy-portal.org/aep/country/chad,AFREC Database,0.0,0.0,0.0,0.0,0.0,0.0,0.0,0.0,0.0,0.0,0.0,0.0,0.0,0.0,0.0,0.0,0.0,0.0,0.0,0.0,0.0,0.0,,,
Chad,TD,"Electricity generation, Total (GWh)",GWh,Electricity,Supply,"Electricity generation, Total (GWh)",https://africa-energy-portal.org/aep/country/chad,AFREC Database,92.0,87.0,87.0,88.0,91.0,100.0,104.0,99.0,97.0,97.0,100.0,203.0,235.0,269.262420654297,286.0,289.880554199219,294.093139648438,298.624328613281,303.465118408203,308.610168457031,314.057067871094,374.775604248047,,,
Chad,TD,"Electricity installed capacity, Total (MW)",MW,Electricity,Technical,"Electricity installed capacity, Total (MW)",https://africa-energy-portal.org/aep/country/chad,IRENA database,31.0,31.0,31.0,153.0,155.0,157.0,157.0,179.0,179.0,179.0,179.001998901367,179.001998901367,284.002990722656,284.049987792969,284.049987792969,284.171997070313,285.273010253906,285.290008544922,285.661987304688,285.661987304688,286.157012939453,286.205993652344,286.691986083984,,
Comoros,KM,Electricity generated from hydropower (GWh),GWh,Electricity,Supply,Electricity generated from hydropower (GWh),https://africa-energy-portal.org/aep/country/comoros,AFREC Database,2.0,2.0,3.0,4.0,5.0,5.0,5.0,5.0,5.0,5.0,5.0,5.0,5.0,5.34999990463257,5.0,5.22116661071777,5.45472002029419,5.70186948776245,5.96393013000488,6.24232530593872,6.53862953186035,6.85457849502563,,,
Comoros,KM,"Electricity generation, Total (GWh)",GWh,Electricity,Supply,"Electricity generation, Total (GWh)",https://africa-energy-portal.org/aep/country/comoros,AFREC Database,20.0,28.0,31.0,39.0,49.0,53.0,45.0,52.0,38.0,37.0,37.0,59.6350402832031,62.3650436401367,65.5815353393555,65.0350036621094,67.5726776123047,70.4447326660156,73.5284957885742,76.8418960571289,77.4487915039063,81.1335906982422,85.0960845947266,,,
Comoros,KM,"Electricity installed capacity, Total (MW)",MW,Electricity,Technical,"Electricity installed capacity, Total (MW)",https://africa-energy-portal.org/aep/country/comoros,IRENA database,12.6999998092651,12.6999998092651,11.9099998474121,12.210000038147,25.5,18.9479999542236,17.7479991912842,15.4879999160767,23.0480003356934,23.0480003356934,23.0480003356934,23.0480003356934,23.0480003356934,23.0480003356934,23.0480003356934,23.0480003356934,23.8530006408691,24.1940002441406,24.1940002441406,24.2129993438721,24.2000007629395,23.4099998474121,27.0820007324219,,
Congo Democratic Republic,CD,Electricity generated from hydropower (GWh),GWh,Electricity,Supply,Electricity generated from hydropower (GWh),https://africa-energy-portal.org/aep/country/congo-democratic-republic,AFREC Database,6001.0,5729.0,5901.0,6425.0,6830.0,7396.0,7288.0,7575.0,7211.0,7520.39990234375,7591.0,7235.0,7585.76318359375,8231.0,8820.0,8916.0,9099.0,9769.939453125,10538.25,11346.158203125,12236.8798828125,13628.8017578125,,,
Congo Democratic Republic,CD,"Electricity generation, Total (GWh)",GWh,Electricity,Supply,"Electricity generation, Total (GWh)",https://africa-energy-portal.org/aep/country/congo-democratic-republic,AFREC Database,6020.0,5747.0,5920.0,6446.0,6852.0,7419.0,7312.0,7582.0,7228.0,7526.08984375,7600.0,7258.826171875,7597.94580078125,8245.037109375,8847.2998046875,8960.3896484375,9142.5087890625,9814.509765625,10592.4677734375,11402.16015625,12295.0146484375,13671.4248046875,,,
Congo Democratic Republic,CD,"Electricity installed capacity, Total (MW)",MW,Electricity,Technical,"Electricity installed capacity, Total (MW)",https://africa-energy-portal.org/aep/country/congo-democratic-republic,IRENA database,2417.15991210938,2432.15991210938,2432.15991210938,2437.15991210938,2437.15991210938,2437.15991210938,2437.15991210938,2437.15991210938,2436.15991210938,2436.15991210938,2446.15991210938,2456.18310546875,2443.2470703125,2445.54907226563,2446.4208984375,2447.51489257813,2463.27392578125,2478.12890625,2654.43090820313,2664.3310546875,2664.3310546875,2664.3310546875,3036.31201171875,,
Congo Republic,CG,Electricity generated from hydropower (GWh),GWh,Electricity,Supply,Electricity generated from hydropower (GWh),https://africa-energy-portal.org/aep/country/congo-republic,AFREC Database,297.959991455078,338.720001220703,396.290008544922,342.0,397.670013427734,355.369995117188,372.279998779297,335.0,375.0,330.0,426.0,791.0,826.594970703125,971.0,952.0,925.0,959.0,1011.97564697266,1094.34802246094,1160.56872558594,1234.01989746094,892.4267578125,,,
Congo Republic,CG,"Electricity generation, Total (GWh)",GWh,Electricity,Supply,"Electricity generation, Total (GWh)",https://africa-energy-portal.org/aep/country/congo-republic,AFREC Database,298.959991455078,339.720001220703,397.290008544922,396.0,460.670013427734,428.369995117188,448.279998779297,407.0,461.0,526.0,781.0,1293.0,1348.85498046875,1514.34118652344,1740.0,1730.51245117188,1753.0,1829.01623535156,2620.0849609375,2744.732421875,2888.36279296875,3266.1953125,,,
Congo Republic,CG,"Electricity installed capacity, Total (MW)",MW,Electricity,Technical,"Electricity installed capacity, Total (MW)",https://africa-energy-portal.org/aep/country/congo-republic,IRENA database,114.199996948242,114.199996948242,139.199996948242,139.199996948242,139.199996948242,139.199996948242,139.199996948242,196.699996948242,196.699996948242,196.699996948242,510.700012207031,510.700012207031,630.703002929688,630.715026855469,630.718017578125,630.719970703125,637.239990234375,652.817016601563,652.823974609375,652.822021484375,823.281982421875,823.325012207031,823.400024414063,,
Cote d'Ivoire,CI,Electricity generated from hydropower (GWh),GWh,Electricity,Supply,Electricity generated from hydropower (GWh),https://africa-energy-portal.org/aep/country/cote-divoire,AFREC Database,1764.0,1800.0,1729.47399902344,1831.53796386719,1748.13403320313,1436.93518066406,1510.26745605469,1797.0,1898.0,2117.0,1602.0,1774.0,1788.59301757813,1606.0,1913.0,1352.0,1511.08996582031,1537.02661132813,2962.00244140625,3014.5048828125,3069.80981445313,3713.69897460938,,,
Cote d'Ivoire,CI,"Electricity generation, Total (GWh)",GWh,Electricity,Supply,"Electricity generation, Total (GWh)",https://africa-energy-portal.org/aep/country/cote-divoire,AFREC Database,4807.0,4885.0,5307.47412109375,5092.5380859375,5510.13427734375,5679.93505859375,5656.267578125,5631.0,5800.0,5846.0,5943.0,6099.0,8868.25,8689.6572265625,8286.0,8711.0,10235.08984375,10679.2529296875,10059.0380859375,10474.1162109375,10919.0615234375,12402.8759765625,,,
Cote d'Ivoire,CI,"Electricity installed capacity, Total (MW)",MW,Electricity,Technical,"Electricity installed capacity, Total (MW)",https://africa-energy-portal.org/aep/country/cote-divoire,IRENA database,1229.14074707031,1229.14074707031,1229.14074707031,1229.14074707031,1229.14074707031,1229.14074707031,1229.14074707031,1229.14074707031,1229.14074707031,1229.14074707031,1418.14074707031,1418.14074707031,1455.14074707031,1555.14074707031,1670.14978027344,1814.4248046875,1929.5908203125,2205.14770507813,2206.23779296875,2238.3466796875,2240.54272460938,2281.88989257813,2464.13989257813,,
Djibouti,DJ,Electricity generated from hydropower (GWh),GWh,Electricity,Supply,Electricity generated from hydropower (GWh),https://africa-energy-portal.org/aep/country/djibouti,AFREC Database,0.0,0.0,0.0,0.0,0.0,0.0,0.0,0.0,0.0,0.0,0.0,0.0,0.0,0.0,0.0,0.0,0.0,0.0,0.0,0.0,0.0,0.0,,,
Djibouti,DJ,"Electricity generation, Total (GWh)",GWh,Electricity,Supply,"Electricity generation, Total (GWh)",https://africa-energy-portal.org/aep/country/djibouti,AFREC Database,180.0,179.0,188.0,188.0,202.0,240.0,263.0,274.0,315.0,319.0,325.0,327.452789306641,347.509185791016,81.9918975830078,355.0,363.878448486328,373.230651855469,569.638000488281,30.1120014190674,30.9166450500488,31.7062911987305,32.4837532043457,,,
Djibouti,DJ,"Electricity installed capacity, Total (MW)",MW,Electricity,Technical,"Electricity installed capacity, Total (MW)",https://africa-energy-portal.org/aep/country/djibouti,IRENA database,85.0,100.0,110.0,112.0,118.0,118.0,118.0,118.0,130.0,130.0,130.0,130.0,130.300003051758,130.300003051758,130.300003051758,130.300003051758,130.361999511719,123.361999511719,123.361999511719,123.361999511719,123.361999511719,143.361999511719,143.361999511719,,
Egypt,EG,Electricity generated from hydropower (GWh),GWh,Electricity,Supply,Electricity generated from hydropower (GWh),https://africa-energy-portal.org/aep/country/egypt,AFREC Database,14659.0,13697.0,15130.0,12859.0,13019.0,12644.0,12925.0,15510.0,15510.0,12863.0,13045.7001953125,13046.0,12935.0,12940.0,13822.0,13432.0,13490.7998046875,13674.53515625,13860.8134765625,14049.8046875,14241.6630859375,16245.900390625,,,
Egypt,EG,"Electricity generation, Total (GWh)",GWh,Electricity,Supply,"Electricity generation, Total (GWh)",https://africa-energy-portal.org/aep/country/egypt,AFREC Database,76463.0,80038.0,87194.0,89354.0,95183.0,108690.0,115407.0,125129.0,125129.0,139000.0,146794.890625,146667.65625,157024.375,157029.375,171719.0,186207.0,194357.796875,196617.625,198970.890625,201414.921875,203949.046875,210832.59375,,,
Egypt,EG,"Electricity installed capacity, Total (MW)",MW,Electricity,Technical,"Electricity installed capacity, Total (MW)",https://africa-energy-portal.org/aep/country/egypt,IRENA database,17283.099609375,17276.5,17108.599609375,18845.400390625,19539.400390625,21173.400390625,22708.400390625,23288.5,24222.900390625,25427.30078125,27682.0,29732.0,31457.0,32672.0,32672.0,35319.8984375,38947.0,45198.1484375,55735.69921875,58433.5,59176.390625,59617.30078125,59681.30078125,,
Equatorial Guinea,GQ,Electricity generated from hydropower (GWh),GWh,Electricity,Supply,Electricity generated from hydropower (GWh),https://africa-energy-portal.org/aep/country/equatorial-guinea,AFREC Database,2.0,2.0,5.0,7.0,7.0,7.0,7.0,7.0,7.0,7.0,14.0,14.0159997940063,14.0159997940063,17.5200004577637,443.0,466.911987304688,471.261138916016,438.169586181641,442.884552001953,448.431732177734,454.773040771484,498.779998779297,,,
Equatorial Guinea,GQ,"Electricity generation, Total (GWh)",GWh,Electricity,Supply,"Electricity generation, Total (GWh)",https://africa-energy-portal.org/aep/country/equatorial-guinea,AFREC Database,42.0,54.0,61.0,76.0,80.0,85.0,90.0,94.0,94.0,94.0,53.0,49.9679985046387,53.9679985046387,53.4720001220703,478.0,500.018493652344,513.165161132813,466.159729003906,472.431030273438,479.58056640625,487.5751953125,1426.97998046875,,,
Equatorial Guinea,GQ,"Electricity installed capacity, Total (MW)",MW,Electricity,Technical,"Electricity installed capacity, Total (MW)",https://africa-energy-portal.org/aep/country/equatorial-guinea,IRENA database,35.7999992370605,35.7999992370605,35.7999992370605,35.7999992370605,35.7999992370605,35.7999992370605,35.7999992370605,59.7999992370605,59.7999992370605,59.7999992370605,79.8000030517578,79.8000030517578,347.799987792969,347.799987792969,347.799987792969,347.799987792969,371.959991455078,396.153991699219,401.464996337891,401.446990966797,401.436004638672,401.299987792969,401.117004394531,,
Eritrea,ER,Electricity generated from hydropower (GWh),GWh,Electricity,Supply,Electricity generated from hydropower (GWh),https://africa-energy-portal.org/aep/country/eritrea,AFREC Database,0.0,0.0,0.0,0.0,0.0,0.0,0.0,0.0,0.0,0.0,0.0,0.0,0.0,0.0,0.0,0.0,0.0,0.0,0.0,0.0,0.0,0.0,,,
Eritrea,ER,"Electricity generation, Total (GWh)",GWh,Electricity,Supply,"Electricity generation, Total (GWh)",https://africa-energy-portal.org/aep/country/eritrea,AFREC Database,210.0,232.0,258.0,277.0,283.0,289.0,268.0,288.0,287.0,295.0,311.0,339.1171875,386.753997802734,367.365203857422,395.0,406.0,421.0,434.042907714844,447.782348632813,462.258605957031,477.516662597656,387.279998779297,,,
Eritrea,ER,"Electricity installed capacity, Total (MW)",MW,Electricity,Technical,"Electricity installed capacity, Total (MW)",https://africa-energy-portal.org/aep/country/eritrea,IRENA database,164.0,164.0,164.0,166.0,166.0,166.0,166.0,166.82600402832,139.776000976563,139.776000976563,139.779006958008,139.830001831055,139.848007202148,139.860000610352,147.684005737305,167.684005737305,168.839004516602,231.179000854492,232.688995361328,232.744003295898,232.731002807617,231.949996948242,231.610000610352,,
Eswatini,SZ,Electricity generated from hydropower (GWh),GWh,Electricity,Supply,Electricity generated from hydropower (GWh),https://africa-energy-portal.org/aep/country/eswatini,AFREC Database,192.0,243.800003051758,201.0,123.0,103.5,160.0,156.0,165.811111450195,157.0,288.0,288.100006103516,211.6416015625,272.299987792969,239.800003051758,212.0,216.259719848633,220.625747680664,225.104248046875,207.801406860352,212.049011230469,216.391555786133,291.5,,,
Eswatini,SZ,"Electricity generation, Total (GWh)",GWh,Electricity,Supply,"Electricity generation, Total (GWh)",https://africa-energy-portal.org/aep/country/eswatini,AFREC Database,451.0,502.800018310547,453.0,378.0,338.5,393.0,570.0,763.25,555.0,669.0,726.100036621094,786.001586914063,872.659973144531,639.5,847.0,885.923095703125,903.965270996094,922.97216796875,840.841003417969,859.740417480469,879.397766113281,570.900024414063,,,
Eswatini,SZ,"Electricity installed capacity, Total (MW)",MW,Electricity,Technical,"Electricity installed capacity, Total (MW)",https://africa-energy-portal.org/aep/country/eswatini,IRENA database,113.800003051758,113.803001403809,113.803001403809,113.80899810791,113.847999572754,113.915000915527,113.952003479004,114.015998840332,133.845993041992,133.875,134.216995239258,195.835006713867,195.860992431641,195.878005981445,178.904006958008,178.929992675781,179.029998779297,179.029998779297,179.029998779297,179.029998779297,179.065002441406,189.065002441406,189.065002441406,,
Ethiopia,ET,Electricity generated from hydropower (GWh),GWh,Electricity,Supply,Electricity generated from hydropower (GWh),https://africa-energy-portal.org/aep/country/ethiopia,AFREC Database,1789.80004882813,1991.80004882813,2023.59997558594,2279.0,2532.19995117188,2845.23999023438,3291.5400390625,3370.09008789063,3370.0,3296.0,3524.0,4931.0,6241.0,7388.0,9013.0,9674.0,10350.7001953125,10825.072265625,12358.724609375,13016.3046875,13758.95703125,15295.5,,,
Ethiopia,ET,"Electricity generation, Total (GWh)",GWh,Electricity,Supply,"Electricity generation, Total (GWh)",https://africa-energy-portal.org/aep/country/ethiopia,AFREC Database,1817.80004882813,2011.80004882813,2064.60009765625,2318.0,2579.19995117188,2895.23999023438,3331.5400390625,3532.09008789063,3801.8701171875,3744.0,3579.0,5086.14404296875,6555.31591796875,7885.4287109375,9514.0,10437.0,11168.833984375,11809.7529296875,13350.3369140625,14033.953125,14807.125,15943.2841796875,,,
Ethiopia,ET,"Electricity installed capacity, Total (MW)",MW,Electricity,Technical,"Electricity installed capacity, Total (MW)",https://africa-energy-portal.org/aep/country/ethiopia,IRENA database,566.400024414063,687.299987792969,672.940002441406,648.630004882813,918.030029296875,918.109985351563,918.659973144531,875.401000976563,924.301025390625,1629.96801757813,2030.68505859375,2269.11401367188,2269.92700195313,2414.32299804688,2420.11010742188,2761.86889648438,2748.22509765625,4465.27880859375,4537.93115234375,4554.93115234375,4816.76904296875,4862.76904296875,5692.76904296875,,
Gabon,GA,Electricity generated from hydropower (GWh),GWh,Electricity,Supply,Electricity generated from hydropower (GWh),https://africa-energy-portal.org/aep/country/gabon,AFREC Database,808.940002441406,883.564025878906,929.088012695313,905.601013183594,898.22802734375,819.064025878906,949.489990234375,805.643981933594,898.025024414063,948.440002441406,906.900024414063,839.799987792969,908.0,931.900024414063,794.5,862.400024414063,930.400024414063,1012.603515625,1100.0,1199.18872070313,1309.10498046875,1223.17248535156,,,
Gabon,GA,"Electricity generation, Total (GWh)",GWh,Electricity,Supply,"Electricity generation, Total (GWh)",https://africa-energy-portal.org/aep/country/gabon,AFREC Database,1146.88793945313,1208.48706054688,1277.39599609375,1326.86303710938,1351.19995117188,1384.84106445313,1483.68298339844,1547.6259765625,1661.19506835938,1674.15307617188,1771.0,1862.70397949219,1945.25537109375,2265.7060546875,3219.02978515625,3377.71435546875,3091.89990234375,3195.8642578125,2670.94995117188,2787.32055664063,2915.0517578125,2692.3330078125,,,
Gabon,GA,"Electricity installed capacity, Total (MW)",MW,Electricity,Technical,"Electricity installed capacity, Total (MW)",https://africa-energy-portal.org/aep/country/gabon,IRENA database,343.779998779297,343.779998779297,342.179992675781,346.579986572266,346.579986572266,344.579986572266,346.579986572266,380.579986572266,374.579986572266,373.579986572266,396.579986572266,399.579986572266,450.579986572266,603.580017089844,598.580017089844,601.47998046875,627.580017089844,620.880004882813,611.349975585938,611.349975585938,611.349975585938,611.75,611.75,,
Gambia,GM,Electricity generated from hydropower (GWh),GWh,Electricity,Supply,Electricity generated from hydropower (GWh),https://africa-energy-portal.org/aep/country/gambia,AFREC Database,0.0,0.0,0.0,0.0,0.0,0.0,0.0,0.0,0.0,0.0,0.0,0.0,0.0,0.0,0.0,0.0,0.0,0.0,0.0,0.0,0.0,0.0,,,
Gambia,GM,"Electricity generation, Total (GWh)",GWh,Electricity,Supply,"Electricity generation, Total (GWh)",https://africa-energy-portal.org/aep/country/gambia,AFREC Database,111.0,127.0,142.0,158.0,174.0,191.0,163.0,220.0,222.0,155.0,205.0,205.0,238.433197021484,238.433197021484,310.0,315.823608398438,322.008972167969,328.56982421875,335.475952148438,342.747528076172,350.391662597656,358.917053222656,,,
Gambia,GM,"Electricity installed capacity, Total (MW)",MW,Electricity,Technical,"Electricity installed capacity, Total (MW)",https://africa-energy-portal.org/aep/country/gambia,IRENA database,29.0,29.0,32.0,35.0,40.0,44.0,48.0480003356934,53.068000793457,53.0699996948242,62.2220001220703,74.3330001831055,74.3330001831055,75.2360000610352,92.7330017089844,92.9980010986328,93.1179962158203,93.588996887207,93.9000015258789,104.539001464844,105.042999267578,105.032997131348,123.019996643066,122.935997009277,,
Ghana,GH,Electricity generated from hydropower (GWh),GWh,Electricity,Supply,Electricity generated from hydropower (GWh),https://africa-energy-portal.org/aep/country/ghana,AFREC Database,6606.0,6608.0,5036.0,3885.0,5281.0,5329.0,5619.0,3727.0,6195.0,6877.0,6925.0,7561.0,8070.0,8233.0,8387.0,5845.0,5582.39990234375,5616.126953125,5963.6484375,6331.97021484375,6723.533203125,7520.830078125,,,
Ghana,GH,"Electricity generation, Total (GWh)",GWh,Electricity,Supply,"Electricity generation, Total (GWh)",https://africa-energy-portal.org/aep/country/ghana,AFREC Database,7220.0,7858.0,7273.0,5881.0,6039.0,6488.0,8430.0,6978.0,8324.0,8958.0,10096.0,11200.0,12023.0,12871.0,12963.0,11491.0,13044.400390625,14068.0390625,14696.234375,15379.599609375,16122.3701171875,22035.650390625,,,
Ghana,GH,"Electricity installed capacity, Total (MW)",MW,Electricity,Technical,"Electricity installed capacity, Total (MW)",https://africa-energy-portal.org/aep/country/ghana,IRENA database,1657.77404785156,1657.77404785156,1657.77404785156,1657.77404785156,1735.77404785156,1735.77404785156,1734.10400390625,1939.10400390625,1987.77404785156,1976.77404785156,2221.27392578125,2176.27392578125,2286.27392578125,2821.4130859375,2827.4130859375,3231.1220703125,3817.4169921875,4627.203125,4777.7099609375,5148.55078125,5338.8359375,5606.408203125,5674.93798828125,,
Guinea,GN,Electricity generated from hydropower (GWh),GWh,Electricity,Supply,Electricity generated from hydropower (GWh),https://africa-energy-portal.org/aep/country/guinea,AFREC Database,406.0,546.0,589.0,396.0,549.0,489.0,456.0,533.0,524.0,517.0,519.0,519.0,541.835998535156,579.764526367188,654.0,688.089111328125,724.672607421875,1212.05297851563,1181.52075195313,1253.81079101563,1334.54833984375,1424.87377929688,,,
Guinea,GN,"Electricity generation, Total (GWh)",GWh,Electricity,Supply,"Electricity generation, Total (GWh)",https://africa-energy-portal.org/aep/country/guinea,AFREC Database,743.0,933.0,984.0,865.0,942.0,881.0,843.0,942.0,967.0,962.0,969.0,973.291015625,1144.61499023438,1182.54345703125,1182.30004882813,1239.67163085938,1300.93615722656,1814.54992675781,1921.669921875,2029.29943847656,2148.19311523438,2280.33715820313,,,
Guinea,GN,"Electricity installed capacity, Total (MW)",MW,Electricity,Technical,"Electricity installed capacity, Total (MW)",https://africa-energy-portal.org/aep/country/guinea,IRENA database,336.220001220703,336.220001220703,336.220001220703,336.220001220703,336.220001220703,336.220001220703,336.220001220703,344.220001220703,319.220001220703,323.820007324219,252.820007324219,206.020004272461,217.440002441406,339.930999755859,339.930999755859,604.932983398438,595.486999511719,612.685974121094,629.200012207031,605.114013671875,979.929992675781,1257.26098632813,1258.35900878906,,
Guinea Bissau,GW,Electricity generated from hydropower (GWh),GWh,Electricity,Supply,Electricity generated from hydropower (GWh),https://africa-energy-portal.org/aep/country/guinea-bissau,AFREC Database,0.0,0.0,0.0,0.0,0.0,0.0,0.0,0.0,0.0,0.0,0.0,0.0,0.0,0.0,0.0,0.0,0.0,0.0,0.0,0.0,0.0,0.0,,,
Guinea Bissau,GW,"Electricity generation, Total (GWh)",GWh,Electricity,Supply,"Electricity generation, Total (GWh)",https://africa-energy-portal.org/aep/country/guinea-bissau,AFREC Database,20.0,20.0,19.0,17.0,23.0,60.0,62.0,66.0,65.0,67.0,67.0,101.449996948242,74.5899963378906,74.5899963378906,139.0,146.917846679688,156.072402954102,166.622772216797,178.759185791016,192.736831665039,208.871658325195,266.333099365234,,,
Guinea Bissau,GW,"Electricity installed capacity, Total (MW)",MW,Electricity,Technical,"Electricity installed capacity, Total (MW)",https://africa-energy-portal.org/aep/country/guinea-bissau,IRENA database,21.0,21.0,21.0,22.0,22.0,22.0,23.0,23.0,27.2000007629395,27.2000007629395,27.2000007629395,27.2000007629395,27.2000007629395,27.2000007629395,28.0,28.3120002746582,28.3120002746582,28.3120002746582,29.1690006256104,29.1690006256104,29.1690006256104,29.1690006256104,29.1690006256104,,
Kenya,KE,Electricity generated from hydropower (GWh),GWh,Electricity,Supply,Electricity generated from hydropower (GWh),https://africa-energy-portal.org/aep/country/kenya,AFREC Database,1325.0,2403.0,3119.0,3260.0,2869.0,3026.0,3278.0,3488.0,2849.0,2170.0,3393.0,3451.0,2402.13916015625,3945.0,3310.0,3787.0,3341.89990234375,3462.10791015625,3986.39990234375,4109.90625,4239.31787109375,4656.2998046875,,,
Kenya,KE,"Electricity generation, Total (GWh)",GWh,Electricity,Supply,"Electricity generation, Total (GWh)",https://africa-energy-portal.org/aep/country/kenya,AFREC Database,4103.0,4611.0,4730.0,5185.0,5568.0,6004.0,6785.0,6670.0,6776.0,6875.0,7467.0,7875.0,8539.646484375,8736.51953125,9258.0,9651.0,9752.900390625,10360.3603515625,11708.240234375,11999.60546875,12023.6220703125,12775.3994140625,,,
Kenya,KE,"Electricity installed capacity, Total (MW)",MW,Electricity,Technical,"Electricity installed capacity, Total (MW)",https://africa-energy-portal.org/aep/country/kenya,IRENA database,1009.81298828125,1009.81597900391,1012.81597900391,1186.81604003906,1256.8310546875,1199.28295898438,1139.78295898438,1239.29797363281,1352.85900878906,1422.16003417969,1517.54504394531,1603.72302246094,1658.2919921875,1677.10998535156,1942.14001464844,2388.0419921875,2462.75,2473.48803710938,2865.25708007813,2892.18994140625,3046.71801757813,3222.25903320313,3341.93798828125,,
Lesotho,LS,Electricity generated from hydropower (GWh),GWh,Electricity,Supply,Electricity generated from hydropower (GWh),https://africa-energy-portal.org/aep/country/lesotho,AFREC Database,288.0,285.0,314.0,325.0,297.0,347.0,525.0,554.0,584.0,648.0,694.0,565.89599609375,280.320007324219,520.138610839844,385.0,401.971710205078,419.593963623047,507.733001708984,515.813659667969,538.774047851563,563.0087890625,530.260009765625,,,
Lesotho,LS,"Electricity generation, Total (GWh)",GWh,Electricity,Supply,"Electricity generation, Total (GWh)",https://africa-energy-portal.org/aep/country/lesotho,AFREC Database,288.0,285.0,314.0,325.0,297.0,347.0,525.0,554.0,584.0,648.0,694.0,565.931030273438,280.355041503906,520.173645019531,385.035003662109,402.006713867188,419.628967285156,507.768005371094,517.123046875,540.083618164063,564.318664550781,531.575866699219,,,
Lesotho,LS,"Electricity installed capacity, Total (MW)",MW,Electricity,Technical,"Electricity installed capacity, Total (MW)",https://africa-energy-portal.org/aep/country/lesotho,IRENA database,76.2399978637695,76.2399978637695,76.2399978637695,74.870002746582,74.870002746582,74.870002746582,72.870002746582,72.870002746582,72.870002746582,72.870002746582,72.870002746582,72.870002746582,74.870002746582,74.7429962158203,74.7429962158203,74.7429962158203,74.7429962158203,74.7429962158203,74.7429962158203,74.7429962158203,74.7429962158203,74.9629974365234,74.9629974365234,,
Liberia,LR,Electricity generated from hydropower (GWh),GWh,Electricity,Supply,Electricity generated from hydropower (GWh),https://africa-energy-portal.org/aep/country/liberia,AFREC Database,0.0,0.0,0.0,0.0,0.0,0.0,0.0,0.0,0.0,0.0,0.0,0.0,0.0,0.0,0.0,0.0,0.0,0.0,0.0,0.0,0.0,147.339279174805,,,
Liberia,LR,"Electricity generation, Total (GWh)",GWh,Electricity,Supply,"Electricity generation, Total (GWh)",https://africa-energy-portal.org/aep/country/liberia,AFREC Database,30.7000007629395,31.7999992370605,31.7999992370605,30.1000003814697,31.0,31.7999992370605,33.0,33.2000007629395,11.8479404449463,19.5543346405029,29.5133895874023,38.8489532470703,39.8489532470703,39.8489532470703,105.300003051758,109.023368835449,113.365249633789,118.356742858887,124.041969299316,130.482925415039,137.757598876953,314.331237792969,,,
Liberia,LR,"Electricity installed capacity, Total (MW)",MW,Electricity,Technical,"Electricity installed capacity, Total (MW)",https://africa-energy-portal.org/aep/country/liberia,IRENA database,74.8000030517578,74.8000030517578,74.8000030517578,74.8000030517578,77.8000030517578,77.8000030517578,77.8000030517578,82.8000030517578,82.8000030517578,82.8000030517578,92.2050018310547,95.8649978637695,95.9000015258789,97.5699996948242,97.5699996948242,97.5869979858398,125.049003601074,193.430999755859,193.608001708984,193.608001708984,193.608001708984,193.608001708984,193.608001708984,,
Libya,LY,Electricity generated from hydropower (GWh),GWh,Electricity,Supply,Electricity generated from hydropower (GWh),https://africa-energy-portal.org/aep/country/libya,AFREC Database,0.0,0.0,0.0,0.0,0.0,0.0,0.0,0.0,0.0,0.0,0.0,0.0,0.0,0.0,0.0,0.0,0.0,0.0,0.0,0.0,0.0,0.0,,,
Libya,LY,"Electricity generation, Total (GWh)",GWh,Electricity,Supply,"Electricity generation, Total (GWh)",https://africa-energy-portal.org/aep/country/libya,AFREC Database,15300.0,15376.0,15345.0,18943.0,20202.0,22500.0,23992.0,25694.0,28667.0,30426.0,32753.0,28657.419921875,31182.533203125,37921.76171875,37740.0,37511.0,36430.0,37412.78125,38443.7421875,39525.1484375,40659.49609375,76448.1015625,,,
Libya,LY,"Electricity installed capacity, Total (MW)",MW,Electricity,Technical,"Electricity installed capacity, Total (MW)",https://africa-energy-portal.org/aep/country/libya,IRENA database,4253.0,4253.0,4418.0,4418.2001953125,4418.7001953125,5043.2001953125,5043.7001953125,5794.2001953125,5794.7001953125,5795.2001953125,8672.7001953125,8673.2001953125,8673.900390625,9173.900390625,9623.900390625,9623.900390625,9717.900390625,10243.1103515625,10516.1103515625,10516.1103515625,10516.111328125,10817.3330078125,11002.3330078125,,
Madagascar,MG,Electricity generated from hydropower (GWh),GWh,Electricity,Supply,Electricity generated from hydropower (GWh),https://africa-energy-portal.org/aep/country/madagascar,AFREC Database,539.648986816406,563.963012695313,535.403015136719,611.629028320313,637.0009765625,647.903015136719,637.921997070313,719.081970214844,699.651977539063,734.0,711.0,967.080993652344,816.782409667969,857.621520996094,901.0,970.555358886719,1046.68469238281,783.755981445313,846.372375488281,909.748107910156,978.601501464844,683.919982910156,,,
Madagascar,MG,"Electricity generation, Total (GWh)",GWh,Electricity,Supply,"Electricity generation, Total (GWh)",https://africa-energy-portal.org/aep/country/madagascar,AFREC Database,779.648986816406,832.963012695313,780.403015136719,897.629028320313,983.0009765625,988.903015136719,1003.92199707031,1052.08190917969,1239.65197753906,1235.0,1189.0,2449.27294921875,2328.6181640625,2399.69409179688,2474.0,2648.9892578125,2737.42626953125,2254.4248046875,2436.74609375,2636.10961914063,2860.08813476563,1732.4599609375,,,
Madagascar,MG,"Electricity installed capacity, Total (MW)",MW,Electricity,Technical,"Electricity installed capacity, Total (MW)",https://africa-energy-portal.org/aep/country/madagascar,IRENA database,227.630004882813,227.636993408203,227.636993408203,247.690002441406,272.692993164063,302.692993164063,341.065002441406,349.160003662109,403.641998291016,404.319000244141,509.81298828125,510.43798828125,544.148010253906,546.502990722656,684.245971679688,687.088012695313,689.14697265625,751.262023925781,819.322021484375,819.622009277344,819.421997070313,819.421997070313,873.072021484375,,
Malawi,MW,Electricity generated from hydropower (GWh),GWh,Electricity,Supply,Electricity generated from hydropower (GWh),https://africa-energy-portal.org/aep/country/malawi,AFREC Database,1023.0,1045.0,1093.0,1139.0,1259.0,1307.0,1339.0,1367.0,1521.0,1659.0,1733.0,1733.0,2163.7890625,2380.16796875,2618.0,2658.80590820313,2702.07592773438,2747.75805664063,2795.82641601563,2846.27563476563,3374.69653320313,2048.1669921875,,,
Malawi,MW,"Electricity generation, Total (GWh)",GWh,Electricity,Supply,"Electricity generation, Total (GWh)",https://africa-energy-portal.org/aep/country/malawi,AFREC Database,1204.0,1230.0,1286.0,1314.0,1452.0,1513.0,1551.0,1585.0,1763.0,1899.0,1943.0,1742.3515625,2174.02319335938,2436.20776367188,2639.86010742188,2681.0546875,2724.80419921875,2771.13818359375,2819.8759765625,2871.09448242188,3400.39282226563,2267.37158203125,,,
Malawi,MW,"Electricity installed capacity, Total (MW)",MW,Electricity,Technical,"Electricity installed capacity, Total (MW)",https://africa-energy-portal.org/aep/country/malawi,IRENA database,364.2080078125,364.213989257813,364.221984863281,349.230987548828,359.934997558594,359.942993164063,359.968994140625,360.143005371094,345.165985107422,353.555999755859,353.790008544922,355.699005126953,356.625,424.139007568359,426.407989501953,429.830993652344,439.230987548828,504.710998535156,537.431030273438,603.892028808594,603.892028808594,682.992004394531,723.992004394531,,
Mali,ML,Electricity generated from hydropower (GWh),GWh,Electricity,Supply,Electricity generated from hydropower (GWh),https://africa-energy-portal.org/aep/country/mali,AFREC Database,245.0,250.0,431.0,524.0,583.0,643.0,668.0,658.0,666.0,679.0,695.0,723.588073730469,766.144592285156,786.995483398438,701.394653320313,743.572387695313,788.947509765625,837.9208984375,890.9453125,948.535583496094,1011.28143310547,1588.57165527344,,,
Mali,ML,"Electricity generation, Total (GWh)",GWh,Electricity,Supply,"Electricity generation, Total (GWh)",https://africa-energy-portal.org/aep/country/mali,AFREC Database,814.0,864.0,934.0,975.0,1187.0,1270.0,1331.0,1408.0,1482.0,1575.0,1691.0,1728.52075195313,1682.19360351563,2635.091796875,2080.7412109375,2229.96606445313,2396.45849609375,2467.58569335938,2669.43530273438,2892.951171875,3142.39526367188,8083.5322265625,,,
Mali,ML,"Electricity installed capacity, Total (MW)",MW,Electricity,Technical,"Electricity installed capacity, Total (MW)",https://africa-energy-portal.org/aep/country/mali,IRENA database,263.070007324219,263.070007324219,463.369995117188,463.369995117188,463.369995117188,463.670013427734,463.727996826172,471.743011474609,446.819000244141,462.319000244141,485.680999755859,547.414978027344,551.245971679688,657.536010742188,677.294982910156,684.492004394531,747.585021972656,824.838012695313,824.932006835938,838.067016601563,899.633972167969,935.234985351563,1102.55004882813,,
Mauritania,MR,Electricity generated from hydropower (GWh),GWh,Electricity,Supply,Electricity generated from hydropower (GWh),https://africa-energy-portal.org/aep/country/mauritania,AFREC Database,32.0,34.0,34.0,41.0,44.0,49.0,51.0,54.0,60.0,94.1337509155273,95.0164566040039,95.6528854370117,108.10294342041,141.615005493164,183.0,184.362152099609,199.351760864258,216.944366455078,237.640625,240.085586547852,242.720413208008,245.537857055664,,,
Mauritania,MR,"Electricity generation, Total (GWh)",GWh,Electricity,Supply,"Electricity generation, Total (GWh)",https://africa-energy-portal.org/aep/country/mauritania,AFREC Database,230.0,278.0,501.0,475.0,518.0,499.0,586.0,606.0,679.0,369.520751953125,411.444458007813,413.163879394531,463.644927978516,505.236083984375,687.0,708.587829589844,745.271667480469,786.48876953125,832.240966796875,859.184204101563,887.859619140625,921.244995117188,,,
Mauritania,MR,"Electricity installed capacity, Total (MW)",MW,Electricity,Technical,"Electricity installed capacity, Total (MW)",https://africa-energy-portal.org/aep/country/mauritania,IRENA database,123.0,123.0,133.0,135.0,145.0,145.0,156.0,156.0,172.100006103516,182.100006103516,212.100006103516,212.100006103516,216.5,247.5,256.401000976563,466.415985107422,483.015991210938,483.015991210938,570.995971679688,586.533996582031,586.533996582031,626.533996582031,628.033996582031,,
Mauritius,MU,Electricity generated from hydropower (GWh),GWh,Electricity,Supply,Electricity generated from hydropower (GWh),https://africa-energy-portal.org/aep/country/mauritius,AFREC Database,95.0,70.0,85.0,117.0,121.0,113.0,76.0,83.0,107.0,121.0,101.0,97.9260025024414,98.4156265258789,94.8349990844727,91.0,122.0,116.300003051758,117.469482421875,118.661758422852,119.876861572266,121.114883422852,119.315200805664,,,
Mauritius,MU,"Electricity generation, Total (GWh)",GWh,Electricity,Supply,"Electricity generation, Total (GWh)",https://africa-energy-portal.org/aep/country/mauritius,AFREC Database,1685.09997558594,1805.5,1845.30004882813,1975.30004882813,2054.50390625,2149.30395507813,2218.2041015625,2325.40405273438,2416.60400390625,2435.61010742188,2688.89990234375,2505.72485351563,2536.08422851563,2885.26416015625,2937.0,2997.0,3058.30004882813,3170.25463867188,3241.8720703125,3318.5546875,3825.41040039063,2968.88330078125,,,
Mauritius,MU,"Electricity installed capacity, Total (MW)",MW,Electricity,Technical,"Electricity installed capacity, Total (MW)",https://africa-energy-portal.org/aep/country/mauritius,IRENA database,579.539978027344,619.340026855469,615.340026855469,613.320007324219,617.219970703125,726.77001953125,690.619995117188,733.219970703125,705.419982910156,749.244995117188,779.320007324219,761.317993164063,774.356994628906,777.306030273438,769.267028808594,792.973022460938,829.864990234375,906.976989746094,876.969970703125,901.780029296875,910.163024902344,912.14501953125,910.129028320313,,
Morocco,MA,Electricity generated from hydropower (GWh),GWh,Electricity,Supply,Electricity generated from hydropower (GWh),https://africa-energy-portal.org/aep/country/morocco,AFREC Database,718.0,871.0,850.0,1456.0,1617.0,1426.0,1601.0,906.0,920.0,2542.0,3433.0,2005.0,1816.0,2990.39990234375,2033.0,2281.0,1662.0,1184.69995117188,1693.44299316406,1721.96911621094,1751.00793457031,818.307189941406,,,
Morocco,MA,"Electricity generation, Total (GWh)",GWh,Electricity,Supply,"Electricity generation, Total (GWh)",https://africa-energy-portal.org/aep/country/morocco,AFREC Database,14153.0,16115.0,17213.0,18107.0,19337.0,22644.0,23215.0,20497.0,20815.0,21345.400390625,23636.80078125,25005.19921875,26358.80078125,26871.30078125,29145.0,29916.0,30842.0234375,35246.57421875,34453.15625,35130.78515625,35841.45703125,42167.58203125,,,
Morocco,MA,"Electricity installed capacity, Total (MW)",MW,Electricity,Technical,"Electricity installed capacity, Total (MW)",https://africa-energy-portal.org/aep/country/morocco,IRENA database,4395.31591796875,4395.6162109375,4417.31591796875,4516.51611328125,4630.419921875,5246.31982421875,5247.1201171875,5308.26513671875,5309.1650390625,6152.76513671875,6361.078125,6395.70703125,6711.70703125,7361.70703125,8018.1328125,8182.033203125,8363.802734375,8852.828125,10972.828125,10712.236328125,10662.3330078125,11003.3330078125,10864.9326171875,,
Mozambique,MZ,Electricity generated from hydropower (GWh),GWh,Electricity,Supply,Electricity generated from hydropower (GWh),https://africa-energy-portal.org/aep/country/mozambique,AFREC Database,8836.0,11841.0,12674.0,10870.0,11668.0,13264.0,14717.0,16070.0,15114.0,16950.0,16640.0,16567.349609375,16567.349609375,14541.8388671875,16169.1484375,16398.19921875,15609.0,14060.8212890625,13899.54296875,14098.8603515625,14300.8662109375,17273.673828125,,,
Mozambique,MZ,"Electricity generation, Total (GWh)",GWh,Electricity,Supply,"Electricity generation, Total (GWh)",https://africa-energy-portal.org/aep/country/mozambique,AFREC Database,8849.0,11885.0,12712.0,10907.0,11713.0,13285.0,14739.0,16083.0,15127.0,16967.0,16658.0,16589.810546875,16592.705078125,14861.046875,17739.056640625,19105.40625,18733.21484375,16992.47265625,17009.7421875,17439.380859375,17932.14453125,20696.263671875,,,
Mozambique,MZ,"Electricity installed capacity, Total (MW)",MW,Electricity,Technical,"Electricity installed capacity, Total (MW)",https://africa-energy-portal.org/aep/country/mozambique,IRENA database,2254.31005859375,2275.26000976563,2276.71997070313,2278.21997070313,2278.21997070313,2278.21997070313,2278.21997070313,2290.8701171875,2294.544921875,2294.544921875,2294.57104492188,2293.23095703125,2413.26293945313,2540.48291015625,2587.78295898438,2793.67504882813,2773.67504882813,2774.72509765625,2880.32006835938,2944.44799804688,2947.01098632813,2947.01098632813,2989.01098632813,,
Namibia,NA,Electricity generated from hydropower (GWh),GWh,Electricity,Supply,Electricity generated from hydropower (GWh),https://africa-energy-portal.org/aep/country/namibia,AFREC Database,1380.0,1370.0,1407.0,1512.0,1602.0,1658.0,1512.0,1564.0,1415.0,1429.0,1235.0,1385.67004394531,1413.38342285156,1227.0,1485.0,1502.0,1395.59997558594,1415.70703125,1436.08410644531,1456.751953125,1477.72998046875,1655.5,,,
Namibia,NA,"Electricity generation, Total (GWh)",GWh,Electricity,Supply,"Electricity generation, Total (GWh)",https://africa-energy-portal.org/aep/country/namibia,AFREC Database,1414.0,1417.0,1454.0,1559.0,1653.0,1709.0,1512.0,1694.0,1545.0,1510.0,1293.0,1424.28002929688,1454.31005859375,1291.14196777344,1505.0,1543.056640625,1492.48999023438,1517.71142578125,1543.5263671875,1570.65063476563,1595.5400390625,2152.69995117188,,,
Namibia,NA,"Electricity installed capacity, Total (MW)",MW,Electricity,Technical,"Electricity installed capacity, Total (MW)",https://africa-energy-portal.org/aep/country/namibia,IRENA database,386.570007324219,386.75,387.100006103516,387.160003662109,387.179992675781,387.410003662109,387.700012207031,388.260009765625,388.799987792969,399.459991455078,400.279998779297,426.730010986328,520.453979492188,523.971008300781,555.846984863281,560.346984863281,566.747009277344,610.556030273438,634.809020996094,687.2490234375,691.2490234375,691.2490234375,716.2490234375,,
Niger,NE,Electricity generated from hydropower (GWh),GWh,Electricity,Supply,Electricity generated from hydropower (GWh),https://africa-energy-portal.org/aep/country/niger,AFREC Database,0.0,0.0,0.0,0.0,0.0,0.0,0.0,0.0,0.0,0.0,0.0,0.0,0.0,0.0,0.0,0.0,0.0,0.0,0.0,0.0,0.0,0.0,,,
Niger,NE,"Electricity generation, Total (GWh)",GWh,Electricity,Supply,"Electricity generation, Total (GWh)",https://africa-energy-portal.org/aep/country/niger,AFREC Database,205.0,180.0,192.0,197.0,208.0,232.0,218.0,2141.0,230.0,248.0,250.0,342.319000244141,399.205993652344,452.0,443.0,531.0,526.0,556.858276367188,536.146484375,558.550415039063,582.30810546875,722.503723144531,,,
Niger,NE,"Electricity installed capacity, Total (MW)",MW,Electricity,Technical,"Electricity installed capacity, Total (MW)",https://africa-energy-portal.org/aep/country/niger,IRENA database,183.100006103516,183.199996948242,183.199996948242,183.300003051758,183.399993896484,183.600006103516,183.699996948242,183.699996948242,183.800003051758,183.800003051758,184.699996948242,229.600006103516,260.600006103516,261.600006103516,262.600006103516,263.600006103516,264.600006103516,345.640991210938,363.640991210938,379.640991210938,379.640991210938,379.640991210938,510.640991210938,,
Nigeria,NG,Electricity generated from hydropower (GWh),GWh,Electricity,Supply,Electricity generated from hydropower (GWh),https://africa-energy-portal.org/aep/country/nigeria,AFREC Database,5628.0,6920.0,7074.0,7605.0,8275.0,7951.0,7714.0,6227.0,5721.0,4529.0,6310.0,5650.0,5306.68994140625,5326.0,5346.0,5718.0,5582.39990234375,5933.37890625,5635.25830078125,5670.39013671875,5705.5810546875,8689.974609375,,,
Nigeria,NG,"Electricity generation, Total (GWh)",GWh,Electricity,Supply,"Electricity generation, Total (GWh)",https://africa-energy-portal.org/aep/country/nigeria,AFREC Database,14727.0,15453.0,15308.0,20183.0,24209.0,23539.0,23110.0,22978.0,21110.0,19777.0,26057.0,27034.0,25390.859375,28883.0,30464.0,31503.650390625,30978.41015625,31768.02734375,31868.251953125,32380.47265625,32912.7734375,73195.8828125,,,
Nigeria,NG,"Electricity installed capacity, Total (MW)",MW,Electricity,Technical,"Electricity installed capacity, Total (MW)",https://africa-energy-portal.org/aep/country/nigeria,IRENA database,5585.2001953125,5585.2001953125,5585.2001953125,6785.2001953125,6785.2001953125,6985.2001953125,7587.2841796875,8107.2841796875,8616.2841796875,8849.4697265625,8573.703125,9089.6787109375,9089.8701171875,10010.6650390625,10579.896484375,10586.931640625,12537.5244140625,12573.23046875,13038.66015625,13093.2216796875,13217.9912109375,13254.84765625,13289.1728515625,,
Rwanda,RW,Electricity generated from hydropower (GWh),GWh,Electricity,Supply,Electricity generated from hydropower (GWh),https://africa-energy-portal.org/aep/country/rwanda,AFREC Database,110.0,88.0,97.0,116.0,83.0,65.0,38.0,42.0,68.0,98.0,110.0,149.0,149.796005249023,214.459243774414,214.459243774414,216.807876586914,219.327621459961,222.009674072266,224.847518920898,227.836456298828,230.973251342773,542.809997558594,,,
Rwanda,RW,"Electricity generation, Total (GWh)",GWh,Electricity,Supply,"Electricity generation, Total (GWh)",https://africa-energy-portal.org/aep/country/rwanda,AFREC Database,113.0,90.0,99.0,119.0,91.0,112.0,161.0,160.0,184.0,240.0,282.0,342.313995361328,350.123992919922,475.325347900391,527.443115234375,533.355895996094,539.795104980469,546.80859375,554.3642578125,562.448608398438,571.050598144531,894.616516113281,,,
Rwanda,RW,"Electricity installed capacity, Total (MW)",MW,Electricity,Technical,"Electricity installed capacity, Total (MW)",https://africa-energy-portal.org/aep/country/rwanda,IRENA database,43.7999992370605,43.7999992370605,43.7999992370605,43.7999992370605,43.7999992370605,56.2999992370605,71.0350036621094,71.3850021362305,71.3850021362305,94.9850006103516,104.474998474121,110.151000976563,111.208000183105,115.436996459961,130.929992675781,205.005996704102,225.227005004883,229.957000732422,234.949996948242,249.32600402832,259.126007080078,259.126007080078,299.466003417969,,
Sao Tome and Principe,ST,Electricity generated from hydropower (GWh),GWh,Electricity,Supply,Electricity generated from hydropower (GWh),https://africa-energy-portal.org/aep/country/sao-tome-and-principe,AFREC Database,7.0,5.0,6.0,8.0,6.0,4.0,4.0,7.0,8.0,7.0,5.0,10.0,10.5120000839233,10.5120000839233,11.0,11.0799512863159,11.9116668701172,12.8366823196411,12.8470096588135,13.9133071899414,15.10715675354,16.4503974914551,,,
Sao Tome and Principe,ST,"Electricity generation, Total (GWh)",GWh,Electricity,Supply,"Electricity generation, Total (GWh)",https://africa-energy-portal.org/aep/country/sao-tome-and-principe,AFREC Database,15.0,25.0,30.0,32.0,35.0,12.0,12.0,38.0,28.0,27.0,25.0,28.017520904541,28.2422409057617,28.4542331695557,29.1399993896484,29.5602569580078,30.7380752563477,94.8234710693359,96.6631774902344,99.8703918457031,103.51838684082,107.638114929199,,,
Sao Tome and Principe,ST,"Electricity installed capacity, Total (MW)",MW,Electricity,Technical,"Electricity installed capacity, Total (MW)",https://africa-energy-portal.org/aep/country/sao-tome-and-principe,IRENA database,3.20000004768372,6.09999990463257,6.09999990463257,6.09999990463257,6.09999990463257,6.09999990463257,6.09999990463257,6.09999990463257,6.09999990463257,7.40000009536743,14.2040004730225,16.6040000915527,16.6040000915527,16.6040000915527,18.7040004730225,23.5200004577637,29.673999786377,29.8680000305176,29.8680000305176,30.5690002441406,30.5590000152588,30.4230003356934,30.2329998016357,,
Senegal,SN,Electricity generated from hydropower (GWh),GWh,Electricity,Supply,Electricity generated from hydropower (GWh),https://africa-energy-portal.org/aep/country/senegal,AFREC Database,0.0,0.0,0.0,337.0,293.0,267.0,237.0,181.0,229.416275024414,239.129211425781,253.399993896484,257.242004394531,290.316986083984,308.492340087891,323.0,342.0,348.899993896484,356.918334960938,320.935699462891,328.679962158203,336.754699707031,345.173858642578,,,
Senegal,SN,"Electricity generation, Total (GWh)",GWh,Electricity,Supply,"Electricity generation, Total (GWh)",https://africa-energy-portal.org/aep/country/senegal,AFREC Database,1527.93518066406,1702.93518066406,1581.94116210938,1880.94116210938,1995.69677734375,2221.8046875,2247.83471679688,2346.697265625,2434.37963867188,2811.18701171875,3032.45776367188,2964.5498046875,2931.87890625,3497.134765625,3662.0,4125.0,4398.89990234375,4505.27001953125,4904.98388671875,5030.6923828125,5162.24658203125,6682.748046875,,,
Senegal,SN,"Electricity installed capacity, Total (MW)",MW,Electricity,Technical,"Electricity installed capacity, Total (MW)",https://africa-energy-portal.org/aep/country/senegal,IRENA database,414.700012207031,417.940002441406,418.079986572266,421.220001220703,421.359985351563,422.5,468.040008544922,468.200012207031,553.059997558594,546.369995117188,559.789978027344,562.690002441406,569.900024414063,593.599975585938,612.0,613.0,766.5,837.5,1153.69995117188,1221.90002441406,1325.40002441406,1391.90002441406,1534.90002441406,,
Seychelles,SC,Electricity generated from hydropower (GWh),GWh,Electricity,Supply,Electricity generated from hydropower (GWh),https://africa-energy-portal.org/aep/country/seychelles,AFREC Database,0.0,0.0,0.0,0.0,0.0,0.0,0.0,0.0,0.0,0.0,0.0,0.0,0.0,0.0,0.0,0.0,0.0,0.0,0.0,0.0,0.0,0.0,,,
Seychelles,SC,"Electricity generation, Total (GWh)",GWh,Electricity,Supply,"Electricity generation, Total (GWh)",https://africa-energy-portal.org/aep/country/seychelles,AFREC Database,178.0,180.0,205.0,210.0,212.0,217.0,237.0,255.0,253.0,259.0,283.0,400.700805664063,405.051208496094,409.441619873047,427.401611328125,438.829406738281,451.079223632813,464.169036865234,478.127624511719,492.993225097656,508.813171386719,601.530944824219,,,
Seychelles,SC,"Electricity installed capacity, Total (MW)",MW,Electricity,Technical,"Electricity installed capacity, Total (MW)",https://africa-energy-portal.org/aep/country/seychelles,IRENA database,88.5,89.7880020141602,83.2880020141602,89.2880020141602,89.2880020141602,89.2880020141602,89.2880020141602,89.2880020141602,89.2880020141602,89.2880020141602,89.2880020141602,89.2880020141602,89.2880020141602,90.5660018920898,91.3789978027344,94.568000793457,111.803001403809,113.072998046875,112.615997314453,118.986000061035,118.986000061035,125.435997009277,126.305999755859,,
Sierra Leone,SL,Electricity generated from hydropower (GWh),GWh,Electricity,Supply,Electricity generated from hydropower (GWh),https://africa-energy-portal.org/aep/country/sierra-leone,AFREC Database,15.0,15.0,16.0,16.0,16.0,18.0,4.0,18.0,96.0,88.0,149.0,153.0,118.0,105.0,178.227005004883,188.667999267578,202.746109008789,219.402786254883,239.100814819336,241.43537902832,243.966323852539,314.454681396484,,,
Sierra Leone,SL,"Electricity generation, Total (GWh)",GWh,Electricity,Supply,"Electricity generation, Total (GWh)",https://africa-energy-portal.org/aep/country/sierra-leone,AFREC Database,89.0,131.0,148.0,135.0,112.0,78.0,39.0,57.0,136.0,130.0,194.0,198.0,163.0,150.0,320.227020263672,340.844665527344,366.594482421875,396.658081054688,431.799774169922,451.994293212891,475.281463623047,414.809265136719,,,
Sierra Leone,SL,"Electricity installed capacity, Total (MW)",MW,Electricity,Technical,"Electricity installed capacity, Total (MW)",https://africa-energy-portal.org/aep/country/sierra-leone,IRENA database,20.0,20.0,20.0,20.0,20.0030002593994,20.003999710083,20.003999710083,20.0319995880127,45.0439987182617,45.0670013427734,75.3740005493164,90.7009963989258,91.0270004272461,91.1740036010742,135.645004272461,163.169998168945,163.233993530273,171.220001220703,201.751998901367,237.761993408203,237.761993408203,237.802001953125,242.802001953125,,
Somalia,SO,Electricity generated from hydropower (GWh),GWh,Electricity,Supply,Electricity generated from hydropower (GWh),https://africa-energy-portal.org/aep/country/somalia,AFREC Database,0.0,0.0,0.0,0.0,0.0,0.0,0.0,0.0,0.0,0.0,0.0,0.0,0.0,0.0,0.0,0.0,0.0,0.0,0.0,0.0,0.0,0.0,,,
Somalia,SO,"Electricity generation, Total (GWh)",GWh,Electricity,Supply,"Electricity generation, Total (GWh)",https://africa-energy-portal.org/aep/country/somalia,AFREC Database,235.0,245.0,258.0,263.0,263.0,273.0,282.0,292.0,301.0,305.0,310.0,312.359985351563,331.101593017578,350.967681884766,372.0,382.895690917969,394.325927734375,406.319580078125,418.908630371094,432.128234863281,446.016876220703,460.616577148438,,,
Somalia,SO,"Electricity installed capacity, Total (MW)",MW,Electricity,Technical,"Electricity installed capacity, Total (MW)",https://africa-energy-portal.org/aep/country/somalia,IRENA database,60.0,60.0,60.0,66.0,66.0,60.0,60.0,80.0,80.0,80.0,80.0,80.0,82.1999969482422,82.1999969482422,82.3000030517578,82.9700012207031,87.4700012207031,90.4440002441406,110.61799621582,110.61799621582,119.087997436523,133.087997436523,156.587997436523,,
South Africa,ZA,Electricity generated from hydropower (GWh),GWh,Electricity,Supply,Electricity generated from hydropower (GWh),https://africa-energy-portal.org/aep/country/south-africa,AFREC Database,3648.0,4095.0,3809.0,4625.0,4199.0,5845.0,5845.0,3908.0,4032.0,4194.0,5090.6201171875,7858.3330078125,7858.3330078125,4040.0,4082.0,3720.0,3994.0,5183.93408203125,5381.572265625,5640.47900390625,5914.18115234375,6199.0,,,
South Africa,ZA,"Electricity generation, Total (GWh)",GWh,Electricity,Supply,"Electricity generation, Total (GWh)",https://africa-energy-portal.org/aep/country/south-africa,AFREC Database,210384.0,211660.0,219900.0,212157.0,221956.0,224596.0,231050.0,238992.0,236564.0,240444.0,245840.21875,279585.3125,258237.390625,255934.734375,252576.0,249655.0,252747.0,260729.140625,266256.28125,269744.375,272229.4375,280649.125,,,
South Africa,ZA,"Electricity installed capacity, Total (MW)",MW,Electricity,Technical,"Electricity installed capacity, Total (MW)",https://africa-energy-portal.org/aep/country/south-africa,IRENA database,35949.39453125,38123.39453125,38126.5546875,38426.5546875,37787.5546875,38387.55859375,38583.55859375,41252.05859375,42342.3203125,42460.3359375,42578.109375,43087.4453125,43468.24609375,44055.8359375,47025.25390625,47744.203125,50552.8515625,53456.3359375,56194.39453125,56295.4765625,60097.2265625,61951.640625,62635.5703125,,
South Sudan,SS,Electricity generated from hydropower (GWh),GWh,Electricity,Supply,Electricity generated from hydropower (GWh),https://africa-energy-portal.org/aep/country/south-sudan,AFREC Database,0.0,0.0,0.0,0.0,0.0,0.0,0.0,0.0,0.0,0.0,0.0,0.0,0.0,0.0,0.0,0.0,0.0,0.0,0.0,0.0,0.0,0.0,,,
South Sudan,SS,"Electricity generation, Total (GWh)",GWh,Electricity,Supply,"Electricity generation, Total (GWh)",https://africa-energy-portal.org/aep/country/south-sudan,AFREC Database,0.0,0.0,0.0,0.0,0.0,0.0,0.0,0.0,0.0,0.0,0.0,157.767593383789,175.28759765625,470.140167236328,488.0,578.0,439.005401611328,542.138977050781,547.89599609375,557.564819335938,568.461303710938,559.674011230469,,,
South Sudan,SS,"Electricity installed capacity, Total (MW)",MW,Electricity,Technical,"Electricity installed capacity, Total (MW)",https://africa-energy-portal.org/aep/country/south-sudan,IRENA database,,,,,,,,,,,,,80.1600036621094,80.1600036621094,80.1600036621094,80.1600036621094,80.4280014038086,131.848999023438,132.136993408203,165.235000610352,165.235000610352,166.677993774414,181.869003295898,,
Sudan,SD,Electricity generated from hydropower (GWh),GWh,Electricity,Supply,Electricity generated from hydropower (GWh),https://africa-energy-portal.org/aep/country/sudan,AFREC Database,1183.0,1267.59997558594,1287.19995117188,1163.19995117188,1107.0,1107.0,1369.0,1369.0,1466.0,3235.5,6202.0,7884.0,7884.0,8315.0,8913.0,8420.0,8024.7001953125,9347.0595703125,9350.7236328125,9788.21484375,10271.1806640625,10804.0810546875,,,
Sudan,SD,"Electricity generation, Total (GWh)",GWh,Electricity,Supply,"Electricity generation, Total (GWh)",https://africa-energy-portal.org/aep/country/sudan,AFREC Database,2569.0,2839.60009765625,3093.19995117188,3354.19995117188,3467.0,3467.0,4210.0,4210.0,5507.0,6372.5,7499.0,11305.400390625,11349.2080078125,10289.759765625,11381.0,13052.1796875,14408.10546875,15911.099609375,16113.703125,16769.9140625,17491.734375,18284.623046875,,,
Sudan,SD,"Electricity installed capacity, Total (MW)",MW,Electricity,Technical,"Electricity installed capacity, Total (MW)",https://africa-energy-portal.org/aep/country/sudan,IRENA database,662.0,662.0,686.008972167969,1067.00903320313,1361.10498046875,1389.20300292969,1436.21203613281,1456.40295410156,1934.52197265625,2934.88208007813,3191.27001953125,3192.50610351563,3301.06591796875,3307.666015625,3309.583984375,3314.91088867188,3357.21899414063,3366.80004882813,3672.48803710938,3696.48901367188,3733.1298828125,3751.86010742188,3805.86010742188,,
Tanzania,TZ,Electricity generated from hydropower (GWh),GWh,Electricity,Supply,Electricity generated from hydropower (GWh),https://africa-energy-portal.org/aep/country/tanzania,AFREC Database,2145.0,2573.0,2736.0,2548.0,2356.0,1778.0,1436.0,2511.0,2655.0,2784.0,2548.0,1983.26403808594,1471.68005371094,1717.0,2590.0,2108.0,2326.0,2378.35693359375,2432.060546875,2487.19970703125,2543.86254882813,3233.169921875,,,
Tanzania,TZ,"Electricity generation, Total (GWh)",GWh,Electricity,Supply,"Electricity generation, Total (GWh)",https://africa-energy-portal.org/aep/country/tanzania,AFREC Database,2479.0,2806.0,2994.0,2658.0,2478.0,3036.0,2776.0,4175.0,4414.0,4628.0,5098.0,6223.57568359375,5794.818359375,5931.14208984375,6208.0,6394.0,6959.65380859375,7114.0908203125,7876.93896484375,8066.67041015625,8270.16015625,8191.58984375,,,
Tanzania,TZ,"Electricity installed capacity, Total (MW)",MW,Electricity,Technical,"Electricity installed capacity, Total (MW)",https://africa-energy-portal.org/aep/country/tanzania,IRENA database,765.028991699219,765.068969726563,865.304016113281,874.804016113281,874.804016113281,937.643981933594,938.35400390625,1040.35400390625,1066.32397460938,1112.1240234375,1137.9560546875,1433.27795410156,1602.40100097656,1669.02697753906,1630.34399414063,1586.39099121094,1744.17797851563,1749.2509765625,1993.876953125,1999.48205566406,2003.58203125,2004.08203125,2004.40197753906,,
Togo,TG,Electricity generated from hydropower (GWh),GWh,Electricity,Supply,Electricity generated from hydropower (GWh),https://africa-energy-portal.org/aep/country/togo,AFREC Database,100.0,49.0,86.0,122.0,81.0,74.0,91.0,92.0,91.4000015258789,93.0,98.0,103.0,88.9000015258789,71.0,120.0,56.0,232.600006103516,103.0,113.024002075195,124.117744445801,136.461517333984,82.5,,,
Togo,TG,"Electricity generation, Total (GWh)",GWh,Electricity,Supply,"Electricity generation, Total (GWh)",https://africa-energy-portal.org/aep/country/togo,AFREC Database,175.0,123.0,153.0,176.0,186.0,189.0,221.0,194.0,123.400001525879,126.0,132.0,139.0,202.0,93.0,145.0,81.1366653442383,260.884796142578,702.544616699219,505.340667724609,520.689453125,537.706176757813,700.656005859375,,,
Togo,TG,"Electricity installed capacity, Total (MW)",MW,Electricity,Technical,"Electricity installed capacity, Total (MW)",https://africa-energy-portal.org/aep/country/togo,IRENA database,87.4000015258789,87.4000015258789,87.4000015258789,86.5999984741211,107.849998474121,108.930000305176,108.930000305176,108.930000305176,108.930000305176,108.930000305176,238.929992675781,238.929992675781,238.936996459961,238.944000244141,238.958999633789,239.0,239.026000976563,239.916000366211,242.434005737305,244.404006958008,246.13200378418,343.165008544922,343.165008544922,,
Tunisia,TN,Electricity generated from hydropower (GWh),GWh,Electricity,Supply,Electricity generated from hydropower (GWh),https://africa-energy-portal.org/aep/country/tunisia,AFREC Database,64.4000015258789,54.4000015258789,64.1999969482422,166.0,153.52099609375,145.156997680664,91.7399978637695,49.0,37.9500007629395,78.8939971923828,50.0,54.0,196.300003051758,60.0800018310547,56.0,60.9341316223145,66.1995086669922,17.4599990844727,17.4599990844727,18.8234386444092,20.2375679016113,28.0599994659424,,,
Tunisia,TN,"Electricity generation, Total (GWh)",GWh,Electricity,Supply,"Electricity generation, Total (GWh)",https://africa-energy-portal.org/aep/country/tunisia,AFREC Database,10095.400390625,10854.0,11281.2998046875,11690.400390625,12454.140625,13005.5517578125,13420.3896484375,13968.0,14585.3701171875,15250.8935546875,16095.515625,16494.8515625,18055.751953125,18369.11328125,19015.162109375,19474.93359375,19626.19921875,20610.681640625,20379.046875,20694.00390625,23812.70703125,22142.53125,,,
Tunisia,TN,"Electricity installed capacity, Total (MW)",MW,Electricity,Technical,"Electricity installed capacity, Total (MW)",https://africa-energy-portal.org/aep/country/tunisia,IRENA database,2857.48706054688,2857.62109375,2857.73388671875,2943.51391601563,3061.55395507813,3300.56396484375,3334.57592773438,3314.5859375,3655.68603515625,3807.0859375,3810.5029296875,4219.5859375,4281.57080078125,4541.537109375,5007.07421875,4978.546875,5242.06005859375,5356.076171875,5148.7490234375,5461.048828125,6027.89013671875,6027.89013671875,6580.076171875,,
Uganda,UG,Electricity generated from hydropower (GWh),GWh,Electricity,Supply,Electricity generated from hydropower (GWh),https://africa-energy-portal.org/aep/country/uganda,AFREC Database,1551.0,1546.0,1668.0,1752.0,1888.0,1839.0,1161.0,1398.0,1631.0,1396.0,1485.0,1513.72802734375,1513.72802734375,2393.23193359375,2393.0,2433.08862304688,2475.00122070313,3440.72705078125,3643.01806640625,3714.19213867188,3790.02612304688,4637.76025390625,,,
Uganda,UG,"Electricity generation, Total (GWh)",GWh,Electricity,Supply,"Electricity generation, Total (GWh)",https://africa-energy-portal.org/aep/country/uganda,AFREC Database,1557.0,1552.0,1675.0,1757.0,1890.0,1902.0,1594.0,1986.0,2267.0,2189.0,2406.0,2222.412109375,2224.1640625,3202.65600585938,3207.0,3282.87768554688,3365.17016601563,3855.53100585938,4234.6220703125,4317.50048828125,4405.68408203125,5158.23974609375,,,
Uganda,UG,"Electricity installed capacity, Total (MW)",MW,Electricity,Technical,"Electricity installed capacity, Total (MW)",https://africa-energy-portal.org/aep/country/uganda,IRENA database,263.200012207031,263.799987792969,304.100006103516,304.700012207031,305.299987792969,368.0,420.399993896484,422.700012207031,623.0,588.481018066406,633.611022949219,634.942016601563,739.6259765625,849.906005859375,905.406005859375,917.906005859375,919.97802734375,964.546997070313,1010.4169921875,1280.96899414063,1296.61596679688,1298.65795898438,1324.61804199219,,
Zambia,ZM,Electricity generated from hydropower (GWh),GWh,Electricity,Supply,Electricity generated from hydropower (GWh),https://africa-energy-portal.org/aep/country/zambia,AFREC Database,7782.0,9000.0,8333.0,8262.0,8262.0,8883.0,9329.0,9801.0,9666.0,10276.0,11273.0,11133.8720703125,11133.8720703125,13281.0,14042.0,13035.0,11048.5,12484.2001953125,13697.9697265625,13842.6806640625,13991.189453125,14072.2998046875,,,
Zambia,ZM,"Electricity generation, Total (GWh)",GWh,Electricity,Supply,"Electricity generation, Total (GWh)",https://africa-energy-portal.org/aep/country/zambia,AFREC Database,7830.0,9050.0,8383.0,8283.0,8283.0,8938.0,9329.0,9831.0,9696.0,10308.0,11304.0,11914.4755859375,11914.4755859375,13300.0,14452.0,13439.0,11718.5,13167.7275390625,14397.1259765625,14559.5546875,14727.890625,16674.900390625,,,
Zambia,ZM,"Electricity installed capacity, Total (MW)",MW,Electricity,Technical,"Electricity installed capacity, Total (MW)",https://africa-energy-portal.org/aep/country/zambia,IRENA database,1887.83203125,1887.83203125,1887.83203125,1827.83203125,1827.83203125,1827.83203125,1827.83203125,1769.13598632813,1799.31201171875,1807.31201171875,2021.31201171875,2021.31201171875,2028.31201171875,2372.36596679688,2442.62109375,2483.27197265625,2899.90600585938,2969.90600585938,2966.03588867188,3054.67602539063,3055.67602539063,3362.8759765625,3821.90405273438,,
Zimbabwe,ZW,Electricity generated from hydropower (GWh),GWh,Electricity,Supply,Electricity generated from hydropower (GWh),https://africa-energy-portal.org/aep/country/zimbabwe,AFREC Database,3260.0,2998.0,3824.0,5359.0,5911.0,5801.0,5552.0,4541.0,4263.0,5464.0,6001.0,5843.8310546875,5843.8310546875,4996.0,5431.0,4990.0,3023.80004882813,3171.61474609375,3323.63037109375,3480.36181640625,3642.33447265625,4512.2001953125,,,
Zimbabwe,ZW,"Electricity generation, Total (GWh)",GWh,Electricity,Supply,"Electricity generation, Total (GWh)",https://africa-energy-portal.org/aep/country/zimbabwe,AFREC Database,6996.0,7926.0,8587.0,8799.0,10284.0,10121.0,9902.0,8634.0,8116.0,9270.0,8220.0,8913.291015625,8923.291015625,9581.4677734375,10031.0,9714.0615234375,7096.935546875,7409.93603515625,7734.8798828125,8073.11572265625,8412.314453125,7477.19775390625,,,
Zimbabwe,ZW,"Electricity installed capacity, Total (MW)",MW,Electricity,Technical,"Electricity installed capacity, Total (MW)",https://africa-energy-portal.org/aep/country/zimbabwe,IRENA database,1918.68505859375,1918.68505859375,1938.68505859375,1938.68505859375,1938.68505859375,1938.68505859375,1938.68701171875,1938.68701171875,2022.68701171875,2023.18701171875,2024.31201171875,2052.5048828125,2053.22802734375,2059.31494140625,2060.0400390625,2074.8779296875,2078.96997070313,2085.82592773438,2389.373046875,2392.61596679688,2394.9189453125,2408.84912109375,2471.71411132813,,
